{
    "2023-12-22 14:30:00+00:00": {
        "gamma_risk": 4.177248169415656,
        "gamma_trade": 0.6830134553650705
    }
}