{
    "2023-12-26 14:30:00+00:00": {
        "AAPL": 0.24810006745725532,
        "AMGN": 0.029821335648215392,
        "AXP": 1.0067099650199453e-09,
        "BA": 1.7024696479961916e-08,
        "CAT": 8.49945268943478e-10,
        "CRM": 0.07728025386492145,
        "CSCO": 0.04799072177017503,
        "CVX": 9.628809258009821e-10,
        "DIS": 2.023841823670093e-09,
        "DOW": 2.7981886403631893e-09,
        "GS": 9.325655808469992e-10,
        "HD": 0.10870491409918602,
        "HON": 5.670864973254773e-10,
        "IBM": 3.9586129885313757e-10,
        "INTC": 2.272447108786504e-09,
        "JNJ": 1.7062771567281154e-09,
        "JPM": 6.2654804834930975e-09,
        "KO": 9.197085821184373e-10,
        "MCD": 0.0022968775221323986,
        "MMM": 5.004823086750935e-10,
        "MRK": 1.0955037458830563e-09,
        "MSFT": 0.28761649168750436,
        "NKE": 0.0034525566618267807,
        "PG": 6.854838494040996e-10,
        "TRV": 5.965274744919246e-10,
        "UNH": 0.10036123899897455,
        "USDOLLAR": 5.171645112156398e-09,
        "V": 0.0776790137673946,
        "VZ": 5.397329043378718e-10,
        "WBA": 1.0853776483959217e-09,
        "WMT": 0.016696481121971495
    }
}