{
    "2024-02-16 08:00:00+00:00": {
        "AAF.L": 0.015197580185680333,
        "AAL.L": 8.21971338203352e-08,
        "ABF.L": 4.615183449842566e-09,
        "ADM.L": 0.013359724421475122,
        "AHT.L": 0.06234637461290624,
        "ANTO.L": 0.03251063487182516,
        "AUTO.L": 1.2081359646666718e-06,
        "AV.L": 2.5428033913540586e-09,
        "AZN.L": 0.003049980549396547,
        "BA.L": 1.3005300043516636e-06,
        "BARC.L": 4.8863665269887925e-09,
        "BATS.L": 2.524077546337639e-08,
        "BDEV.L": 0.0011577417245596062,
        "BEZ.L": 0.00317778860827994,
        "BKG.L": 8.01076554934403e-09,
        "BME.L": 2.766305113093513e-08,
        "BNZL.L": 7.02312356116514e-09,
        "BP.L": 3.3889254452662852e-09,
        "BRBY.L": 3.258127366415723e-08,
        "BT-A.L": 1.4899124066478816e-09,
        "CCH.L": 1.9057858689564193e-09,
        "CNA.L": 5.4995352095990194e-09,
        "CPG.L": 2.5185253129382684e-09,
        "CRDA.L": 1.1184328897176882e-08,
        "CTEC.L": 1.7741522464873403e-09,
        "DCC.L": 0.06764323789591414,
        "DGE.L": 0.01920515872619811,
        "DPLM.L": 0.006202870347915623,
        "EDV.L": 9.087894028442253e-10,
        "ENT.L": 0.03438594304981448,
        "EXPN.L": 1.510100087212433e-07,
        "FCIT.L": 5.0534761035748935e-08,
        "FLTR.L": 0.1072033010085403,
        "FRAS.L": 0.0029145401661669723,
        "FRES.L": 4.953906811832211e-09,
        "GBPOUND": 1.1306251490594832e-08,
        "GLEN.L": 2.86628022338598e-09,
        "GSK.L": 7.759257973764569e-09,
        "HIK.L": 0.0003118794707172654,
        "HLMA.L": 3.1028253267289296e-08,
        "HLN.L": 8.702612569501963e-10,
        "HSBA.L": 9.843724824669342e-09,
        "HWDN.L": 4.619521242788658e-08,
        "IAG.L": 3.281460909679592e-09,
        "ICP.L": 0.0006360213248519318,
        "IHG.L": 0.07976640278146721,
        "III.L": 0.0032037449556515667,
        "IMB.L": 4.415891420365786e-08,
        "IMI.L": 5.43063015183559e-09,
        "INF.L": 2.9801430168991574e-09,
        "ITRK.L": 1.7999878248767068e-08,
        "JD.L": 0.010651684246854864,
        "KGF.L": 4.542278897109102e-09,
        "LAND.L": 1.5650049549220433e-09,
        "LGEN.L": 1.651446445382383e-08,
        "LLOY.L": 1.2152031652691433e-09,
        "LSEG.L": 0.10603548876733376,
        "MKS.L": 1.9084314364086585e-09,
        "MNDI.L": 1.5076278723841853e-08,
        "MNG.L": 1.694978612571499e-08,
        "MRO.L": 0.21413507823400452,
        "NG.L": 6.925474364575444e-09,
        "NWG.L": 2.656516465688689e-09,
        "NXT.L": 0.016033195533802877,
        "OCDO.L": 0.011772393292290753,
        "PHNX.L": 2.1079944921910242e-09,
        "PRU.L": 1.3588912586391662e-08,
        "PSH.L": 0.04799696453487923,
        "PSN.L": 6.969918662065693e-08,
        "PSON.L": 2.8059020885657524e-09,
        "REL.L": 7.2736174291895966e-09,
        "RIO.L": 0.0006663291849105507,
        "RKT.L": 7.001595943917349e-09,
        "RMV.L": 0.02364232479771234,
        "RR.L": 1.0950544838455354e-08,
        "RS1.L": 5.423039063187122e-09,
        "RTO.L": 1.5787453526848958e-08,
        "SBRY.L": 2.047635732477698e-09,
        "SDR.L": 9.125061124965305e-09,
        "SGE.L": 0.1140143485341899,
        "SGRO.L": 1.7841262878045036e-09,
        "SHEL.L": 1.2758056423018943e-09,
        "SKG.L": 1.4819604836633008e-08,
        "SMDS.L": 4.1283332109013845e-09,
        "SMIN.L": 2.5307599139238597e-09,
        "SMT.L": 8.366525830643156e-09,
        "SN.L": 3.1019244147709557e-09,
        "SPX.L": 6.234311873382019e-09,
        "SSE.L": 1.1168792530365538e-08,
        "STAN.L": 4.8389063333808135e-09,
        "STJ.L": 9.01452305220412e-09,
        "SVT.L": 2.6027755244057328e-08,
        "TSCO.L": 3.91989488499122e-09,
        "TW.L": 6.278802043352196e-09,
        "ULVR.L": 3.5995277224980685e-09,
        "UTG.L": 0.002775779306436302,
        "UU.L": 6.750334038969026e-09,
        "VOD.L": 1.5424841056240486e-08,
        "WEIR.L": 1.036289673326268e-08,
        "WPP.L": 8.617977465569215e-09,
        "WTB.L": 5.144814210403239e-09
    },
    "2024-02-19 08:00:00+00:00": {
        "AAF.L": 0.014498675971301472,
        "AAL.L": 0.009999996868263231,
        "ABF.L": 0.00676525858027332,
        "ADM.L": 0.010000051770982062,
        "AHT.L": 0.017290361770234235,
        "ANTO.L": 0.023325929352060817,
        "AUTO.L": 0.009999998043886828,
        "AV.L": 0.00999878992699759,
        "AZN.L": 0.01000000490267973,
        "BA.L": 0.0100000007145611,
        "BARC.L": 0.009999993019065258,
        "BATS.L": 0.009999998925784289,
        "BDEV.L": 0.00999999989968581,
        "BEZ.L": 0.00999999830622508,
        "BKG.L": 0.00999999862265769,
        "BME.L": 0.009999996361952737,
        "BNZL.L": 0.009999985895684599,
        "BP.L": 0.0012329323565075997,
        "BRBY.L": 0.00999999427415765,
        "BT-A.L": 1.6092864550962206e-08,
        "CCH.L": 2.102233527184558e-08,
        "CNA.L": 0.009999859758842839,
        "CPG.L": 6.88693126948358e-08,
        "CRDA.L": 0.009999992629747108,
        "CTEC.L": 9.801994421880916e-08,
        "DCC.L": 0.022716718883039444,
        "DGE.L": 0.009999990343549509,
        "DPLM.L": 0.010000001249468938,
        "EDV.L": 2.4320650846854373e-08,
        "ENT.L": 0.018106155958328894,
        "EXPN.L": 0.009999997179058896,
        "FCIT.L": 1.986669328149616e-08,
        "FLTR.L": 0.03048319376689046,
        "FRAS.L": 0.009999999075171689,
        "FRES.L": 0.009999987056048595,
        "GBPOUND": 3.6029575654558665e-08,
        "GLEN.L": 0.004884756573538442,
        "GSK.L": 0.009999996232271826,
        "HIK.L": 0.009999999304881586,
        "HLMA.L": 0.009999996153916627,
        "HLN.L": 5.404462670215394e-09,
        "HSBA.L": 0.009999997099554892,
        "HWDN.L": 0.009999997050187615,
        "IAG.L": 0.0017519706874143874,
        "ICP.L": 0.009999997821056364,
        "IHG.L": 0.0150777386680582,
        "III.L": 0.00999999996899914,
        "IMB.L": 0.010000000030702377,
        "IMI.L": 0.009999922302806516,
        "INF.L": 0.007158822356799535,
        "ITRK.L": 0.009999990127397464,
        "JD.L": 0.010000011971477405,
        "KGF.L": 0.008981765058394537,
        "LAND.L": 1.3383747071898684e-08,
        "LGEN.L": 0.00999999592109506,
        "LLOY.L": 1.9323681793198235e-08,
        "LSEG.L": 0.02524270496130572,
        "MKS.L": 2.1486838579046672e-08,
        "MNDI.L": 0.009999989688556943,
        "MNG.L": 0.009999996839976431,
        "MRO.L": 0.06392104896461312,
        "NG.L": 0.0099999876587388,
        "NWG.L": 0.009999970124240101,
        "NXT.L": 0.010000006285661889,
        "OCDO.L": 0.010847673395450803,
        "PHNX.L": 1.6626133970126338e-08,
        "PRU.L": 0.00999999732993484,
        "PSH.L": 0.045951094176225525,
        "PSN.L": 0.009999994807474172,
        "PSON.L": 0.0004300042660076831,
        "REL.L": 0.009999994543688048,
        "RIO.L": 0.010000000568199548,
        "RKT.L": 0.009999997287078117,
        "RMV.L": 0.015498046805563617,
        "RR.L": 0.009999986044266607,
        "RS1.L": 0.0027611401908005065,
        "RTO.L": 0.009999996743031639,
        "SBRY.L": 1.7400101863040087e-07,
        "SDR.L": 0.009999987037095542,
        "SGE.L": 0.044331615778972724,
        "SGRO.L": 9.675454260472635e-08,
        "SHEL.L": 1.4900195639231628e-06,
        "SKG.L": 0.009999994120320769,
        "SMDS.L": 0.009783311424195031,
        "SMIN.L": 5.170294936168743e-08,
        "SMT.L": 0.005665307512493757,
        "SN.L": 0.0032932956059489333,
        "SPX.L": 0.00999997592898632,
        "SSE.L": 0.009999993513561813,
        "STAN.L": 0.00999998651550874,
        "STJ.L": 0.009999972376318899,
        "SVT.L": 0.00999999913572965,
        "TSCO.L": 9.775785855640871e-08,
        "TW.L": 0.009999992420443688,
        "ULVR.L": 0.009999967462377142,
        "UTG.L": 0.010000001257921326,
        "UU.L": 0.009999985221882573,