{
    "2024-02-16 08:00:00+00:00": {
        "AAF.L": 0.015197580185680333,
        "AAL.L": 8.21971338203352e-08,
        "ABF.L": 4.615183449842566e-09,
        "ADM.L": 0.013359724421475122,
        "AHT.L": 0.06234637461290624,
        "ANTO.L": 0.03251063487182516,
        "AUTO.L": 1.2081359646666718e-06,
        "AV.L": 2.5428033913540586e-09,
        "AZN.L": 0.003049980549396547,
        "BA.L": 1.3005300043516636e-06,
        "BARC.L": 4.8863665269887925e-09,
        "BATS.L": 2.524077546337639e-08,
        "BDEV.L": 0.0011577417245596062,
        "BEZ.L": 0.00317778860827994,
        "BKG.L": 8.01076554934403e-09,
        "BME.L": 2.766305113093513e-08,
        "BNZL.L": 7.02312356116514e-09,
        "BP.L": 3.3889254452662852e-09,
        "BRBY.L": 3.258127366415723e-08,
        "BT-A.L": 1.4899124066478816e-09,
        "CCH.L": 1.9057858689564193e-09,
        "CNA.L": 5.4995352095990194e-09,
        "CPG.L": 2.5185253129382684e-09,
        "CRDA.L": 1.1184328897176882e-08,
        "CTEC.L": 1.7741522464873403e-09,
        "DCC.L": 0.06764323789591414,
        "DGE.L": 0.01920515872619811,
        "DPLM.L": 0.006202870347915623,
        "EDV.L": 9.087894028442253e-10,
        "ENT.L": 0.03438594304981448,
        "EXPN.L": 1.510100087212433e-07,
        "FCIT.L": 5.0534761035748935e-08,
        "FLTR.L": 0.1072033010085403,
        "FRAS.L": 0.0029145401661669723,
        "FRES.L": 4.953906811832211e-09,
        "GBPOUND": 1.1306251490594832e-08,
        "GLEN.L": 2.86628022338598e-09,
        "GSK.L": 7.759257973764569e-09,
        "HIK.L": 0.0003118794707172654,
        "HLMA.L": 3.1028253267289296e-08,
        "HLN.L": 8.702612569501963e-10,
        "HSBA.L": 9.843724824669342e-09,
        "HWDN.L": 4.619521242788658e-08,
        "IAG.L": 3.281460909679592e-09,
        "ICP.L": 0.0006360213248519318,
        "IHG.L": 0.07976640278146721,
        "III.L": 0.0032037449556515667,
        "IMB.L": 4.415891420365786e-08,
        "IMI.L": 5.43063015183559e-09,
        "INF.L": 2.9801430168991574e-09,
        "ITRK.L": 1.7999878248767068e-08,
        "JD.L": 0.010651684246854864,
        "KGF.L": 4.542278897109102e-09,
        "LAND.L": 1.5650049549220433e-09,
        "LGEN.L": 1.651446445382383e-08,
        "LLOY.L": 1.2152031652691433e-09,
        "LSEG.L": 0.10603548876733376,
        "MKS.L": 1.9084314364086585e-09,
        "MNDI.L": 1.5076278723841853e-08,
        "MNG.L": 1.694978612571499e-08,
        "MRO.L": 0.21413507823400452,
        "NG.L": 6.925474364575444e-09,
        "NWG.L": 2.656516465688689e-09,
        "NXT.L": 0.016033195533802877,
        "OCDO.L": 0.011772393292290753,
        "PHNX.L": 2.1079944921910242e-09,
        "PRU.L": 1.3588912586391662e-08,
        "PSH.L": 0.04799696453487923,
        "PSN.L": 6.969918662065693e-08,
        "PSON.L": 2.8059020885657524e-09,
        "REL.L": 7.2736174291895966e-09,
        "RIO.L": 0.0006663291849105507,
        "RKT.L": 7.001595943917349e-09,
        "RMV.L": 0.02364232479771234,
        "RR.L": 1.0950544838455354e-08,
        "RS1.L": 5.423039063187122e-09,
        "RTO.L": 1.5787453526848958e-08,
        "SBRY.L": 2.047635732477698e-09,
        "SDR.L": 9.125061124965305e-09,
        "SGE.L": 0.1140143485341899,
        "SGRO.L": 1.7841262878045036e-09,
        "SHEL.L": 1.2758056423018943e-09,
        "SKG.L": 1.4819604836633008e-08,
        "SMDS.L": 4.1283332109013845e-09,
        "SMIN.L": 2.5307599139238597e-09,
        "SMT.L": 8.366525830643156e-09,
        "SN.L": 3.1019244147709557e-09,
        "SPX.L": 6.234311873382019e-09,
        "SSE.L": 1.1168792530365538e-08,
        "STAN.L": 4.8389063333808135e-09,
        "STJ.L": 9.01452305220412e-09,
        "SVT.L": 2.6027755244057328e-08,
        "TSCO.L": 3.91989488499122e-09,
        "TW.L": 6.278802043352196e-09,
        "ULVR.L": 3.5995277224980685e-09,
        "UTG.L": 0.002775779306436302,
        "UU.L": 6.750334038969026e-09,
        "VOD.L": 1.5424841056240486e-08,
        "WEIR.L": 1.036289673326268e-08,
        "WPP.L": 8.617977465569215e-09,
        "WTB.L": 5.144814210403239e-09
    }
}