{
    "2025-04-29 13:30:00+00:00": {
        "gamma_hold": 0.9090909090909091,
        "gamma_trade": 1.9487171000000012
    }
}