{
    "2023-12-27 14:30:00+00:00": {
        "AAPL": 0.06619878293619706,
        "ABNB": 1.0506135296271408e-10,
        "ADBE": 0.012803687070303849,
        "ADI": 5.08036053907315e-10,
        "ADP": 2.484091356539824e-10,
        "ADSK": 4.751460192082284e-10,
        "AEP": 1.453808481464999e-10,
        "AMAT": 0.00045456139388875926,
        "AMD": 0.023940174671528806,
        "AMGN": 0.011774795154913998,
        "AMZN": 0.06574332547570563,
        "ANSS": 4.997541299174031e-10,
        "ASML": 0.010465237138745422,
        "AVGO": 0.03339684894458262,
        "AZN": 2.317089471316921e-10,
        "BIIB": 0.004765173545235683,
        "BKNG": 0.004436592033389928,
        "BKR": 1.7358868279902788e-10,
        "CCEP": 3.7702927512025926e-10,
        "CDNS": 4.868966151479878e-10,
        "CDW": 3.2894713237825484e-09,
        "CEG": 0.0680221337907215,
        "CHTR": 6.106805374714111e-10,
        "CMCSA": 2.5728820629763362e-08,
        "COST": 3.6811220183569226e-10,
        "CPRT": 6.794374014316836e-10,
        "CRWD": 0.004071421125434068,
        "CSCO": 0.017249100185699983,
        "CSGP": 6.964427995944476e-10,
        "CSX": 3.0797940928293374e-10,
        "CTAS": 2.499426635747724e-10,
        "CTSH": 0.013112411997998346,
        "DASH": 5.924669050550431e-11,
        "DDOG": 8.412107425055535e-10,
        "DLTR": 0.001961362446427669,
        "DXCM": 0.003885303048171976,
        "EA": 0.0038397553101098803,
        "EXC": 1.6594654134586825e-10,
        "FANG": 0.0019498390196607982,
        "FAST": 2.347134675421218e-09,
        "FTNT": 7.944082876222498e-09,
        "GEHC": 0.0021860490832531837,
        "GFS": 2.841571413591184e-09,
        "GILD": 0.008491071410913731,
        "GOOG": 0.016204403652398662,
        "GOOGL": 0.0069308309308443936,
        "HON": 2.015872374110406e-10,
        "IDXX": 3.8636484389145124e-10,
        "ILMN": 5.349571380790688e-10,
        "INTC": 9.437245413944626e-10,
        "INTU": 7.443871887841335e-10,
        "ISRG": 0.005418143419064406,
        "KDP": 5.165926955114536e-10,
        "KHC": 1.2976800006196476e-10,
        "KLAC": 1.1039735752594892e-09,
        "LRCX": 0.00014103927681094336,
        "LULU": 0.007261584400859539,
        "MAR": 3.5417616190381203e-10,
        "MCHP": 0.004592508224794754,
        "MDB": 0.016946264249359334,
        "MDLZ": 2.2761138660865887e-10,
        "MELI": 0.0080315035644946,
        "META": 0.02889493061383134,
        "MNST": 0.007227939802628052,
        "MRNA": 0.012222122396015509,
        "MRVL": 2.5389181927324525e-10,
        "MSFT": 0.05363554372475618,
        "MU": 0.006558341483541976,
        "NFLX": 0.02884774563341273,
        "NVDA": 0.14215418555071588,
        "NXPI": 0.004072545742867419,
        "ODFL": 2.456316005713568e-09,
        "ON": 5.85184281507941e-10,
        "ORLY": 1.4444835987811112e-08,
        "PANW": 0.004238930935853736,
        "PAYX": 4.370858640906913e-10,
        "PCAR": 3.5312452946875874e-10,
        "PDD": 0.01326465094857372,
        "PEP": 4.4788588399567433e-10,
        "PYPL": 1.6866115538971693e-10,
        "QCOM": 0.007482769112033894,
        "REGN": 0.004663567460230943,
        "ROP": 7.240709314923264e-10,
        "ROST": 1.0858755448588833e-09,
        "SBUX": 0.001798149070836651,
        "SIRI": 0.0018940622338887722,
        "SNPS": 2.4104834685003553e-10,
        "SPLK": 1.9821683986533644e-10,
        "TEAM": 2.823244253385945e-09,
        "TMUS": 4.644015365677939e-10,
        "TSLA": 0.22374634318268577,
        "TTD": 0.023823969734871015,
        "TTWO": 1.968527833331937e-09,
        "TXN": 3.610046401879865e-10,
        "USDOLLAR": 9.370676679054668e-09,
        "VRSK": 2.599514564421416e-10,
        "VRTX": 0.00045064937903215203,
        "WBA": 4.117950008577846e-10,
        "WBD": 1.5178101627796532e-10,
        "WDAY": 2.595431549146637e-10,
        "XEL": 1.8022513953045573e-10,
        "ZS": 0.0107495573211331
    },
    "2023-12-28 14:30:00+00:00": {
        "AAPL": 0.06612813385611992,
        "ABNB": 5.010231657788411e-11,
        "ADBE": 0.012454568997242076,
        "ADI": 2.2264805841326047e-10,
        "ADP": 1.1392206183721959e-10,
        "ADSK": 2.0135091267918845e-10,
        "AEP": 6.974307135528071e-11,
        "AMAT": 0.00017943539100159013,
        "AMD": 0.02372698883828533,
        "AMGN": 0.011776225411499077,
        "AMZN": 0.06561123012189589,
        "ANSS": 2.0843310914869613e-10,
        "ASML": 0.010527395764581752,
        "AVGO": 0.03218970221554203,
        "AZN": 1.0941345544131709e-10,
        "BIIB": 0.004696957403302975,
        "BKNG": 0.00386920277978339,
        "BKR": 8.370140236544514e-11,
        "CCEP": 1.7203578431610273e-10,
        "CDNS": 2.0686470474514296e-10,
        "CDW": 6.281908585686895e-10,
        "CEG": 0.07386662689552645,
        "CHTR": 2.468965985145752e-10,
        "CMCSA": 2.091952160200519e-09,
        "COST": 1.6493134911464942e-10,
        "CPRT": 2.636909403205613e-10,
        "CRWD": 0.004048363673432311,
        "CSCO": 0.017222230732847465,
        "CSGP": 2.646605424337295e-10,
        "CSX": 1.4154809988484488e-10,
        "CTAS": 1.1494448957350583e-10,
        "CTSH": 0.013452490549078705,
        "DASH": 3.003546033995119e-11,
        "DDOG": 2.847261425890079e-10,
        "DLTR": 0.001966522376062241,
        "DXCM": 0.003816529869705587,
        "EA": 0.003814089007614701,
        "EXC": 7.844474083315226e-11,
        "FANG": 0.0015665230681429021,
        "FAST": 6.412363772912252e-10,
        "FTNT": 9.772088047920074e-10,
        "GEHC": 0.0021702682156384866,
        "GFS": 1.8077148300423047e-09,
        "GILD": 0.008429631695446532,
        "GOOG": 0.016021859221826234,
        "GOOGL": 0.0057842398270926505,
        "HON": 9.694823989788356e-11,
        "IDXX": 1.636581418754948e-10,
        "ILMN": 2.1870183875067154e-10,
        "INTC": 3.8127465112959376e-10,
        "INTU": 2.7595451738767453e-10,
        "ISRG": 0.00508486201983947,
        "KDP": 2.2035050578260338e-10,
        "KHC": 6.519483703334358e-11,
        "KLAC": 4.0109055719491367e-10,
        "LRCX": 1.8976995329778257e-09,
        "LULU": 0.006873537951946848,
        "MAR": 1.6180479142391813e-10,
        "MCHP": 0.004545547326697494,
        "MDB": 0.017880762187539583,
        "MDLZ": 1.0836507224043229e-10,
        "MELI": 0.007564763800522176,
        "META": 0.02823299333382438,
        "MNST": 0.0072504061065678605,
        "MRNA": 0.012668842811343528,
        "MRVL": 1.166212318328851e-10,
        "MSFT": 0.05158303639356604,
        "MU": 0.006557171170787102,
        "NFLX": 0.028815905919169185,
        "NVDA": 0.1422543019133359,
        "NXPI": 0.003934923266235011,
        "ODFL": 5.417057614288644e-10,
        "ON": 2.4229465476406095e-10,
        "ORLY": 1.1409653054259284e-09,
        "PANW": 0.0036906803386875906,
        "PAYX": 1.8730284978500474e-10,
        "PCAR": 1.6306930037248152e-10,
        "PDD": 0.013247081978821329,
        "PEP": 1.956528878461468e-10,
        "PYPL": 8.231130872886688e-11,
        "QCOM": 0.0074007100001042166,
        "REGN": 0.00476810853595089,
        "ROP": 2.8288584194628135e-10,
        "ROST": 3.828824420981811e-10,
        "SBUX": 0.001801238051965055,
        "SIRI": 0.0021994569454609324,
        "SNPS": 1.1098652880072612e-10,
        "SPLK": 9.244613120701589e-11,
        "TEAM": 4.67915234415359e-10,
        "TMUS": 2.0401702313019772e-10,
        "TSLA": 0.22390158273647848,
        "TTD": 0.02550518154866424,
        "TTWO": 5.477835637602862e-10,
        "TXN": 1.6775131284116841e-10,
        "USDOLLAR": 4.601471657915759e-09,
        "VRSK": 1.1815346956552328e-10,
        "VRTX": 1.2060182596291755e-08,
        "WBA": 1.840004420514961e-10,
        "WBD": 7.366107380308986e-11,
        "WDAY": 1.1921192536817187e-10,
        "XEL": 8.575246073129134e-11,
        "ZS": 0.010919654416360433
    }
}