{
    "2023-12-27 14:30:00+00:00": {
        "gamma_risk": 21.113776745352606,
        "gamma_trade": 0.3855432894295314
    }
}