{
    "2023-12-27 14:30:00+00:00": {
        "AAPL": 0.06619878293619706,
        "ABNB": 1.0506135296271408e-10,
        "ADBE": 0.012803687070303849,
        "ADI": 5.08036053907315e-10,
        "ADP": 2.484091356539824e-10,
        "ADSK": 4.751460192082284e-10,
        "AEP": 1.453808481464999e-10,
        "AMAT": 0.00045456139388875926,
        "AMD": 0.023940174671528806,
        "AMGN": 0.011774795154913998,
        "AMZN": 0.06574332547570563,
        "ANSS": 4.997541299174031e-10,
        "ASML": 0.010465237138745422,
        "AVGO": 0.03339684894458262,
        "AZN": 2.317089471316921e-10,
        "BIIB": 0.004765173545235683,
        "BKNG": 0.004436592033389928,
        "BKR": 1.7358868279902788e-10,
        "CCEP": 3.7702927512025926e-10,
        "CDNS": 4.868966151479878e-10,
        "CDW": 3.2894713237825484e-09,
        "CEG": 0.0680221337907215,
        "CHTR": 6.106805374714111e-10,
        "CMCSA": 2.5728820629763362e-08,
        "COST": 3.6811220183569226e-10,
        "CPRT": 6.794374014316836e-10,
        "CRWD": 0.004071421125434068,
        "CSCO": 0.017249100185699983,
        "CSGP": 6.964427995944476e-10,
        "CSX": 3.0797940928293374e-10,
        "CTAS": 2.499426635747724e-10,
        "CTSH": 0.013112411997998346,
        "DASH": 5.924669050550431e-11,
        "DDOG": 8.412107425055535e-10,
        "DLTR": 0.001961362446427669,
        "DXCM": 0.003885303048171976,
        "EA": 0.0038397553101098803,
        "EXC": 1.6594654134586825e-10,
        "FANG": 0.0019498390196607982,
        "FAST": 2.347134675421218e-09,
        "FTNT": 7.944082876222498e-09,
        "GEHC": 0.0021860490832531837,
        "GFS": 2.841571413591184e-09,
        "GILD": 0.008491071410913731,
        "GOOG": 0.016204403652398662,
        "GOOGL": 0.0069308309308443936,
        "HON": 2.015872374110406e-10,
        "IDXX": 3.8636484389145124e-10,
        "ILMN": 5.349571380790688e-10,
        "INTC": 9.437245413944626e-10,
        "INTU": 7.443871887841335e-10,
        "ISRG": 0.005418143419064406,
        "KDP": 5.165926955114536e-10,
        "KHC": 1.2976800006196476e-10,
        "KLAC": 1.1039735752594892e-09,
        "LRCX": 0.00014103927681094336,
        "LULU": 0.007261584400859539,
        "MAR": 3.5417616190381203e-10,
        "MCHP": 0.004592508224794754,
        "MDB": 0.016946264249359334,
        "MDLZ": 2.2761138660865887e-10,
        "MELI": 0.0080315035644946,
        "META": 0.02889493061383134,
        "MNST": 0.007227939802628052,
        "MRNA": 0.012222122396015509,
        "MRVL": 2.5389181927324525e-10,
        "MSFT": 0.05363554372475618,
        "MU": 0.006558341483541976,
        "NFLX": 0.02884774563341273,
        "NVDA": 0.14215418555071588,
        "NXPI": 0.004072545742867419,
        "ODFL": 2.456316005713568e-09,
        "ON": 5.85184281507941e-10,
        "ORLY": 1.4444835987811112e-08,
        "PANW": 0.004238930935853736,
        "PAYX": 4.370858640906913e-10,
        "PCAR": 3.5312452946875874e-10,
        "PDD": 0.01326465094857372,
        "PEP": 4.4788588399567433e-10,
        "PYPL": 1.6866115538971693e-10,
        "QCOM": 0.007482769112033894,
        "REGN": 0.004663567460230943,
        "ROP": 7.240709314923264e-10,
        "ROST": 1.0858755448588833e-09,
        "SBUX": 0.001798149070836651,
        "SIRI": 0.0018940622338887722,
        "SNPS": 2.4104834685003553e-10,
        "SPLK": 1.9821683986533644e-10,
        "TEAM": 2.823244253385945e-09,
        "TMUS": 4.644015365677939e-10,
        "TSLA": 0.22374634318268577,
        "TTD": 0.023823969734871015,
        "TTWO": 1.968527833331937e-09,
        "TXN": 3.610046401879865e-10,
        "USDOLLAR": 9.370676679054668e-09,
        "VRSK": 2.599514564421416e-10,
        "VRTX": 0.00045064937903215203,
        "WBA": 4.117950008577846e-10,
        "WBD": 1.5178101627796532e-10,
        "WDAY": 2.595431549146637e-10,
        "XEL": 1.8022513953045573e-10,
        "ZS": 0.0107495573211331
    }
}