{
    "2023-12-29 14:30:00+00:00": {
        "A": 1.7496829231911795e-09,
        "AAL": 0.0007242362619001493,
        "AAPL": 0.039379742428806395,
        "ABBV": 0.008122298248990063,
        "ABNB": 8.411269321980843e-10,
        "ABT": 0.002854543374288471,
        "ACGL": 3.117161477059877e-08,
        "ACN": 0.0002176230529452355,
        "ADBE": 0.0069579301293188345,
        "ADI": 2.768776128662762e-07,
        "ADM": 7.124838733063398e-09,
        "ADP": 6.4671552810564365e-09,
        "ADSK": 5.592540139383785e-05,
        "AEE": 1.9383305502894256e-09,
        "AEP": 2.0296547745393363e-09,
        "AES": 1.02174439777238e-09,
        "AFL": 0.002724754767391849,
        "AIG": 3.051050419137579e-09,
        "AIZ": 0.00027845302811232053,
        "AJG": 7.942370665682572e-08,
        "AKAM": 5.963177703438072e-09,
        "ALB": 2.6270124686460253e-09,
        "ALGN": 0.00030249692449895235,
        "ALL": 0.00012099296641878642,
        "ALLE": 1.6911074895340096e-09,
        "AMAT": 0.0015347968863623797,
        "AMCR": 3.400134170737743e-10,
        "AMD": 0.01940161375393086,
        "AME": 4.096171298260641e-09,
        "AMGN": 0.00676034864299198,
        "AMP": 0.0025431293420156444,
        "AMT": 0.0013661509600308259,
        "AMZN": 0.031684735512922196,
        "ANET": 0.0019609641208783416,
        "ANSS": 0.0010530856028406982,
        "AON": 0.00022278176738954454,
        "AOS": 3.4679512161967016e-09,
        "APA": 1.9333559583749423e-09,
        "APD": 2.994937784155703e-08,
        "APH": 0.0013837693262573928,
        "APTV": 0.00011371248924603653,
        "ARE": 2.0281568773036843e-09,
        "ATO": 5.6934574281110055e-09,
        "AVB": 4.168529933616482e-09,
        "AVGO": 0.019265910204251058,
        "AVY": 5.624267765283345e-09,
        "AWK": 7.255834889862113e-06,
        "AXON": 0.004840135656027336,
        "AXP": 2.842814481375946e-08,
        "AZO": 0.00357865095165925,
        "BA": 0.0023581040273064034,
        "BAC": 2.9797108882403758e-09,
        "BALL": 1.3252451894809363e-08,
        "BAX": 4.807307482895439e-09,
        "BBWI": 6.2200230122793485e-09,
        "BBY": 0.001236211578159495,
        "BDX": 7.82401986425141e-09,
        "BEN": 0.0002248201801248664,
        "BF-B": 4.7884535777822615e-09,
        "BG": 8.290980496344635e-06,
        "BIIB": 0.002365517637385736,
        "BIO": 1.3320388749816582e-09,
        "BK": 2.140705833805976e-09,
        "BKNG": 0.0031551169471854988,
        "BKR": 1.7149344572584004e-09,
        "BLDR": 0.002744060720186014,
        "BLK": 0.0026158101400818286,
        "BMY": 2.8622723214625022e-08,
        "BR": 5.138613349151928e-08,
        "BRK-B": 1.6261957214939444e-08,
        "BRO": 0.00010891806004220412,
        "BSX": 7.659309628874424e-09,
        "BWA": 5.01182674644604e-09,
        "BX": 0.001523957855067393,
        "BXP": 3.105411081189911e-09,
        "C": 4.121963188366123e-09,
        "CAG": 1.3199523954727202e-08,
        "CAH": 0.0001270820092836956,
        "CARR": 0.01770848780372276,
        "CAT": 2.5829191070736476e-09,
        "CB": 0.004038824144184711,
        "CBOE": 3.0908759957120365e-08,
        "CBRE": 0.0033817730875674817,
        "CCI": 0.0012208796120243542,
        "CCL": 1.114072264296696e-09,
        "CDAY": 7.111628261066403e-10,
        "CDNS": 0.0002881359398760026,
        "CDW": 0.0024129506581078894,
        "CE": 0.0004377539140888299,
        "CEG": 0.029709372315258886,
        "CF": 0.005495880738697198,
        "CFG": 3.5385653786294802e-09,
        "CHD": 0.002802579708656242,
        "CHRW": 3.299678516547481e-08,
        "CHTR": 0.0020548266553701415,
        "CI": 0.0013076240148680864,
        "CINF": 0.00012918355047259752,
        "CL": 0.0011041523663784273,
        "CLX": 0.001517042434486187,
        "CMA": 2.2987997138816845e-09,
        "CMCSA": 0.003553784174763932,
        "CME": 0.006591391126417392,
        "CMG": 0.006590098454876135,
        "CMI": 6.631382731255555e-09,
        "CMS": 1.7004968665561884e-09,
        "CNC": 0.0007663233307286136,
        "CNP": 1.4569638072564701e-09,
        "COF": 0.0034908168627966014,
        "COO": 2.1952535620785546e-08,
        "COP": 1.1154537391124933e-07,
        "COR": 0.0027389641186574,
        "COST": 7.4064565924780805e-09,
        "CPB": 8.195593518613922e-09,
        "CPRT": 0.0006899989112861826,
        "CPT": 2.520724075005893e-09,
        "CRL": 9.619458394644203e-10,
        "CRM": 0.00694231068579815,
        "CSCO": 0.004926080383357867,
        "CSGP": 0.00013850015899598265,
        "CSX": 4.1224948477741994e-09,
        "CTAS": 1.9505440021426428e-05,
        "CTLT": 6.76343188055338e-10,
        "CTRA": 1.407271759178863e-09,
        "CTSH": 0.005068209834239172,
        "CTVA": 3.511376801484163e-05,
        "CVS": 5.038446135366983e-09,
        "CVX": 0.0014814596105753085,
        "CZR": 0.003913662241163165,
        "D": 1.015082653767868e-08,
        "DAL": 0.0015162556766571368,
        "DD": 2.9653497059039584e-09,
        "DE": 0.00030817858618124405,
        "DFS": 0.0019241222266435942,
        "DG": 5.73196294970303e-09,
        "DGX": 4.512954734069012e-05,
        "DHI": 0.0006703965229562326,
        "DHR": 0.002355989360086737,
        "DIS": 0.0016599510256485443,
        "DLR": 6.979524254211955e-05,
        "DLTR": 0.001514454803975422,
        "DOV": 3.821772043359718e-09,
        "DOW": 2.784011950646113e-08,
        "DPZ": 0.0031771714544736535,
        "DRI": 0.0007264618508670123,
        "DTE": 6.20791336593744e-09,
        "DUK": 9.02262956368889e-05,
        "DVA": 0.0006388097047425607,
        "DVN": 1.5817409405746333e-09,
        "DXCM": 0.0027420987783641085,
        "EA": 0.0024790125808861175,
        "EBAY": 1.568873550126278e-08,
        "ECL": 3.2177152377000903e-09,
        "ED": 1.552952345694025e-08,
        "EFX": 6.0412090124496784e-09,
        "EG": 0.0008575081474105648,
        "EIX": 1.463509850278304e-08,
        "EL": 2.6105630137811134e-09,
        "ELV": 0.00013067724867873122,
        "EMN": 2.66779927939612e-09,
        "EMR": 1.8218169868295646e-09,
        "ENPH": 0.005007204371147667,
        "EOG": 2.7153145038926407e-08,
        "EPAM": 0.0010693607762839368,
        "EQIX": 0.0005435239557797982,
        "EQR": 2.2086703665649094e-09,
        "EQT": 1.3359934633410646e-09,
        "ES": 1.6696980334024729e-09,
        "ESS": 1.036854462749921e-08,
        "ETN": 3.875859554749459e-09,
        "ETR": 7.401860283826497e-09,
        "ETSY": 3.6330701185162223e-09,
        "EVRG": 1.1087430524159497e-09,
        "EW": 2.5093392766410258e-08,
        "EXC": 2.308738173448206e-09,
        "EXPD": 0.0006263969612602514,
        "EXPE": 1.7157876113380556e-05,
        "EXR": 0.00019624267738024736,
        "F": 7.143422319168704e-10,
        "FANG": 0.011392164489608215,
        "FAST": 0.0009086135836834288,
        "FCX": 2.6856626868560348e-09,
        "FDS": 0.0009074496346121349,
        "FDX": 0.0036708270249166345,
        "FE": 1.6031370665263957e-09,
        "FFIV": 0.0007312219003638936,
        "FI": 0.0002866635588872261,
        "FICO": 0.00234876911776582,
        "FIS": 1.985831225810366e-09,
        "FITB": 2.3040681190363576e-08,
        "FLT": 0.0008018829185318503,
        "FMC": 3.922699271036855e-09,
        "FOX": 7.309463516107287e-10,
        "FOXA": 1.0798263170537036e-09,
        "FRT": 2.072277475817416e-09,
        "FSLR": 0.00029185818413082163,
        "FTNT": 0.00147119092961508,
        "FTV": 1.0644262222848605e-09,
        "GD": 0.0006516469874747166,
        "GE": 4.115148785907833e-09,
        "GEHC": 0.005442186610878562,
        "GEN": 3.0609472200281778e-09,
        "GILD": 0.0037552319365992343,
        "GIS": 0.002440477728673783,
        "GL": 0.00017271913406270473,
        "GLW": 1.3658943640127552e-09,
        "GM": 1.4687548706642429e-09,
        "GNRC": 4.813301153857681e-09,
        "GOOG": 0.012033654202071845,