{
    "2023-12-29 14:30:00+00:00": {
        "gamma_risk": 58.46151300000004,
        "gamma_trade": 1.9487171000000012
    }
}