{
    "2023-12-29 14:30:00+00:00": {
        "A": 4.5896169775224445e-11,
        "AAL": 0.0007320535024544476,
        "AAPL": 0.039357991894695306,
        "ABBV": 0.008332259348437097,
        "ABNB": 2.1277430608952272e-11,
        "ABT": 0.002769297154742328,
        "ACGL": 7.873302164597076e-10,
        "ACN": 0.00022480677904780354,
        "ADBE": 0.0069639681865496005,
        "ADI": 4.028518145929488e-09,
        "ADM": 1.7987424348437608e-10,
        "ADP": 1.6584950842316192e-10,
        "ADSK": 5.665554034606695e-05,
        "AEE": 4.9670109407096796e-11,
        "AEP": 5.1780488021932486e-11,
        "AES": 2.6376582601032452e-11,
        "AFL": 0.002744747624776459,
        "AIG": 8.17669217319592e-11,
        "AIZ": 0.00027119444257472084,
        "AJG": 1.875453632676647e-09,
        "AKAM": 1.6318228489472585e-10,
        "ALB": 6.690114073793923e-11,
        "ALGN": 0.00030048687366893357,
        "ALL": 9.917591012853495e-05,
        "ALLE": 4.548778465855315e-11,
        "AMAT": 0.0015847670095667245,
        "AMCR": 8.972082579728484e-12,
        "AMD": 0.019277932770561567,
        "AME": 1.0801028073250194e-10,
        "AMGN": 0.006817279534573171,
        "AMP": 0.0025611329055142983,
        "AMT": 0.0013743519231002865,
        "AMZN": 0.03168780895432958,
        "ANET": 0.0019257468174569815,
        "ANSS": 0.0010356947960504835,
        "AON": 0.00020684364769425778,
        "AOS": 9.092405856789816e-11,
        "APA": 5.159477483598802e-11,
        "APD": 7.919135216020511e-10,
        "APH": 0.0013668140262977043,
        "APTV": 7.459930694018297e-05,
        "ARE": 5.121692733593944e-11,
        "ATO": 1.4530300873846511e-10,
        "AVB": 1.0355885940681585e-10,
        "AVGO": 0.019306827891652452,
        "AVY": 1.4779203108303348e-10,
        "AWK": 8.853841218357455e-08,
        "AXON": 0.0048570160451374715,
        "AXP": 8.025270595802975e-10,
        "AZO": 0.0035577573584122738,
        "BA": 0.0024806523817178195,
        "BAC": 7.809374682920232e-11,
        "BALL": 3.546299404322796e-10,
        "BAX": 1.2556976957795983e-10,
        "BBWI": 1.6428460721074125e-10,
        "BBY": 0.0012219093655894881,
        "BDX": 1.981642589877488e-10,
        "BEN": 0.00022119695114626825,
        "BF-B": 1.2364756263426396e-10,
        "BG": 9.15508814264246e-06,
        "BIIB": 0.002373399364234233,
        "BIO": 3.389721362738487e-11,
        "BK": 5.635847196226416e-11,
        "BKNG": 0.0031551358317739964,
        "BKR": 4.509679435755005e-11,
        "BLDR": 0.0027960430450627806,
        "BLK": 0.002545018768066151,
        "BMY": 8.34217593913476e-10,
        "BR": 1.0978191631584595e-09,
        "BRK-B": 4.1289311954221576e-10,
        "BRO": 9.904695590996628e-05,
        "BSX": 1.8990348296647792e-10,
        "BWA": 1.3466834751160895e-10,
        "BX": 0.001462919327378423,
        "BXP": 7.640259524355314e-11,
        "C": 1.1120771780119117e-10,
        "CAG": 3.3975913854794453e-10,
        "CAH": 0.0001322933516686249,
        "CARR": 0.017751601685850663,
        "CAT": 6.729531251268256e-11,
        "CB": 0.004042807541775711,
        "CBOE": 7.283389060129085e-10,
        "CBRE": 0.003400096743891501,
        "CCI": 0.0012367939797176427,
        "CCL": 2.9136637109215726e-11,
        "CDAY": 1.8344850517723905e-11,
        "CDNS": 0.0002762606384107477,
        "CDW": 0.0024037631190096686,
        "CE": 0.0004363009491943834,
        "CEG": 0.0303593889274832,
        "CF": 0.005588018860743452,
        "CFG": 9.18380102758997e-11,
        "CHD": 0.0027516610370276226,
        "CHRW": 7.779557304507132e-10,
        "CHTR": 0.002000416880689904,
        "CI": 0.001302214200390483,
        "CINF": 0.00012410815719660336,
        "CL": 0.0011653636374935538,
        "CLX": 0.0015003162272682802,
        "CMA": 5.86768763014637e-11,
        "CMCSA": 0.0036002874698283388,
        "CME": 0.006638273282874821,
        "CMG": 0.006653191385761695,
        "CMI": 1.7052599181326092e-10,
        "CMS": 4.368363001226449e-11,
        "CNC": 0.0007512456699433272,
        "CNP": 3.783993958823742e-11,
        "COF": 0.0035195500180117316,
        "COO": 5.46094971427133e-10,
        "COP": 2.4161461846312363e-09,
        "COR": 0.0027608810061879453,
        "COST": 1.8886004498908137e-10,
        "CPB": 2.141860482762438e-10,
        "CPRT": 0.0006874459493279014,
        "CPT": 6.303943916604758e-11,
        "CRL": 2.5361606036819977e-11,
        "CRM": 0.0070362958818289065,
        "CSCO": 0.004981428558560211,
        "CSGP": 0.00011818689486274179,
        "CSX": 1.0941855449496207e-10,
        "CTAS": 1.9289748843473356e-05,
        "CTLT": 1.7672283202855597e-11,
        "CTRA": 3.637975545589976e-11,
        "CTSH": 0.005080820552939728,
        "CTVA": 3.4894098263544066e-05,
        "CVS": 1.3031570359189336e-10,
        "CVX": 0.0014638606869261431,
        "CZR": 0.0038062853930880152,
        "D": 2.409465133894044e-10,
        "DAL": 0.0015323496240228893,
        "DD": 7.822284178822252e-11,
        "DE": 0.0002970537071609436,
        "DFS": 0.0018904991545650117,
        "DG": 1.4454787310095332e-10,
        "DGX": 4.178205326900982e-05,
        "DHI": 0.0006802418512993587,
        "DHR": 0.002296124423412891,
        "DIS": 0.001664401875118612,
        "DLR": 6.595367265442383e-05,
        "DLTR": 0.0014805937539924111,
        "DOV": 1.0150609388127274e-10,
        "DOW": 1.2965708686208202e-09,
        "DPZ": 0.003162782899302256,
        "DRI": 0.0007798098767760445,
        "DTE": 1.5835486167768075e-10,
        "DUK": 5.516087523452114e-05,
        "DVA": 0.0006311675025592967,
        "DVN": 4.086478781275925e-11,
        "DXCM": 0.0027607126927260447,
        "EA": 0.0024720008869130662,
        "EBAY": 3.9540382091717544e-10,
        "ECL": 8.4464454257602e-11,
        "ED": 3.630627754090136e-10,
        "EFX": 1.5411124341811509e-10,
        "EG": 0.0008468844974210023,
        "EIX": 3.1461074783972523e-10,
        "EL": 6.84712640951523e-11,
        "ELV": 0.00011908260809805819,
        "EMN": 6.993636482529749e-11,
        "EMR": 4.862643480201113e-11,
        "ENPH": 0.004977626123318644,
        "EOG": 6.727746974283175e-10,
        "EPAM": 0.0010470482036113234,
        "EQIX": 0.0005430477584126638,
        "EQR": 5.688779741352592e-11,
        "EQT": 3.431506507880532e-11,
        "ES": 4.2561038795088626e-11,
        "ESS": 2.5257017463987755e-10,
        "ETN": 9.937249643421228e-11,
        "ETR": 1.877441739288607e-10,
        "ETSY": 9.66585593999628e-11,
        "EVRG": 2.8657908005399637e-11,
        "EW": 5.774207601816295e-10,
        "EXC": 5.867736990922414e-11,
        "EXPD": 0.0006048769211934948,
        "EXPE": 1.0162004420493262e-05,
        "EXR": 0.00016951444143024008,
        "F": 1.885681375408779e-11,
        "FANG": 0.011417719995653152,
        "FAST": 0.0009233350210519184,
        "FCX": 7.148049204442511e-11,
        "FDS": 0.0009022493160513187,
        "FDX": 0.0036293052060150845,
        "FE": 4.11071889106147e-11,
        "FFIV": 0.0007247399878362019,
        "FI": 0.0002652205756471424,
        "FICO": 0.002346863793724819,
        "FIS": 5.135791619074641e-11,
        "FITB": 5.917708367545448e-10,
        "FLT": 0.0007766180207554082,
        "FMC": 1.0920498997753173e-10,
        "FOX": 1.9267909723897335e-11,
        "FOXA": 2.848726441686545e-11,
        "FRT": 5.3246124710292155e-11,
        "FSLR": 0.00025428031326456756,
        "FTNT": 0.0014682676077368419,
        "FTV": 2.802805209058992e-11,
        "GD": 0.0006478969856864444,
        "GE": 1.0948436060385978e-10,
        "GEHC": 0.005918896600475227,
        "GEN": 8.18705917096694e-11,
        "GILD": 0.003696280129903756,
        "GIS": 0.0023859785348496866,
        "GL": 0.0001631954007110959,
        "GLW": 3.62456975806857e-11,
        "GM": 3.8021711772652105e-11,
        "GNRC": 1.1241024774064396e-10,
        "GOOG": 0.012101589344076758,